{
  "feature_names": [
    "L",
    "a",
    "b",
    "rel_L",
    "rel_a",
    "rel_b",
    "sobel",
    "dist_um"
  ],
  "mean": [
    176.41058349609375,
    108.64593505859375,
    101.75700378417969,
    0.40035730600357056,
    -0.14456807076931,
    0.16488832235336304,
    13.127470970153809,
    32.79293441772461
  ],
  "std": [
    25.86159324645996,
    16.559036254882812,
    17.209083557128906,
    13.713521003723145,
    7.918601036071777,
    6.673449993133545,
    16.359119415283203,
    44.5932731628418
  ],
  "coef": [
    -4.955470478882925,
    -12.38632694919153,
    -10.33743246679458,
    -1.6792530148107545,
    0.9614899856576474,
    1.7081341444787723,
    -0.5306448066277205,
    0.7908342184406206
  ],
  "intercept": -9.315800640552832,
  "bg_sigma": 80.0
}