{
  "n_samples": 10,
  "area_um2": {
    "mean": 806.7313167999998,
    "std": 237.54978799955626,
    "min": 484.57497199999995,
    "max": 1190.263188
  },
  "aspect": {
    "mean": 6.6109939139868015,
    "std": 2.1406608004523617,
    "min": 4.573645991948735,
    "max": 11.392241403852395
  },
  "lab_centroid": {
    "mean": [
      158.7936248779297,
      113.39167785644531,
      94.48265838623047
    ],
    "cov": [
      [
        639.1835293462879,
        -252.85273214834638,
        -79.1358998558148
      ],
      [
        -252.85273214834638,
        121.59077858028881,
        7.238560092163447
      ],
      [
        -79.1358998558148,
        7.238560092163447,
        233.38264685696439
      ]
    ]
  },
  "fraction_in_hbn": {
    "mean": 0.9243523354443542,
    "std": 0.22455453841121725,
    "min": 0.25070294526967535
  },
  "centroid_signed_dist_um": {
    "mean": 27.673544001579284,
    "std": 25.56643267809608,
    "min": -2.3320000171661377
  },
  "bbox_diagonal_um": {
    "mean": 90.82236694627468,
    "std": 19.160311027648486
  },
  "region_grow": {
    "mahalanobis_threshold": 6.139130042209065
  }
}