{
  "n_samples": 10,
  "area_um2_median": 930.279002,
  "area_um2_std": 566.3348804858474,
  "area_um2_min": 627.2497,
  "area_um2_max": 2295.537272,
  "aspect_median": 2.007860800018591,
  "aspect_std": 0.8584276441943395,
  "aspect_min": 1.260030990662577,
  "aspect_max": 3.8967416999617357,
  "solidity_median": 0.9634605894415728,
  "solidity_std": 0.0729396801184331,
  "solidity_min": 0.7514017012868709,
  "solidity_max": 1.0008157118654704,
  "L_med_median": 160.5,
  "L_med_std": 21.127234609727516,
  "L_med_min": 129.0,
  "L_med_max": 205.0,
  "a_med_median": 125.0,
  "a_med_std": 6.496923348312314,
  "a_med_min": 114.0,
  "a_med_max": 140.0,
  "b_med_median": 102.5,
  "b_med_std": 14.117012015083894,
  "b_med_min": 71.0,
  "b_med_max": 116.0,
  "L_iqr_median": 26.5,
  "L_iqr_std": 16.957595168985176,
  "L_iqr_min": 16.0,
  "L_iqr_max": 73.0,
  "a_iqr_median": 8.5,
  "a_iqr_std": 2.4576421454889017,
  "a_iqr_min": 5.0,
  "a_iqr_max": 13.0,
  "b_iqr_median": 8.0,
  "b_iqr_std": 1.7578405831246946,
  "b_iqr_min": 5.0,
  "b_iqr_max": 12.0,
  "rel_L_med_median": 38.0,
  "rel_L_med_std": 18.342301837136,
  "rel_L_med_min": 16.0,
  "rel_L_med_max": 80.0,
  "rel_a_med_median": 0.0,
  "rel_a_med_std": 2.4576421454889017,
  "rel_a_med_min": -5.0,
  "rel_a_med_max": 3.0,
  "rel_b_med_median": -2.5,
  "rel_b_med_std": 2.002499439450079,
  "rel_b_med_min": -5.0,
  "rel_b_med_max": 1.0,
  "rel_L_pix_mean_median": 34.92810916900635,
  "rel_L_pix_mean_std": 17.53564267338369,
  "rel_L_pix_mean_min": 16.824331283569336,
  "rel_L_pix_mean_max": 79.39910888671875,
  "rel_L_pix_std_median": 21.540600776672363,
  "rel_L_pix_std_std": 13.734164269326543,
  "rel_L_pix_std_min": 14.302952766418457,
  "rel_L_pix_std_max": 59.708099365234375,
  "rel_L_pix_p10_median": 4.5,
  "rel_L_pix_p10_std": 18.55828755883942,
  "rel_L_pix_p10_min": -17.0,
  "rel_L_pix_p10_max": 48.0,
  "rel_L_pix_p90_median": 67.0,
  "rel_L_pix_p90_std": 28.551883599926754,
  "rel_L_pix_p90_min": 36.0,
  "rel_L_pix_p90_max": 115.0,
  "centroid_dist_to_edge_um_median": 13.408999999999999,
  "centroid_dist_to_edge_um_std": 5.969757221449351,
  "centroid_dist_to_edge_um_min": 9.0934853515625,
  "centroid_dist_to_edge_um_max": 30.846,
  "per_stack": [
    {
      "area_um2": 755.6322359999999,
      "area_px": 67251,
      "aspect": 1.260030990662577,
      "solidity": 0.9678004274088519,
      "L_med": 179.0,
      "a_med": 125.0,
      "b_med": 114.0,
      "L_iqr": 26.0,
      "a_iqr": 7.0,
      "b_iqr": 6.0,
      "rel_L_med": 50.0,
      "rel_a_med": 3.0,
      "rel_b_med": -4.0,
      "rel_L_pix_mean": 47.483428955078125,
      "rel_L_pix_std": 19.080760955810547,
      "rel_L_pix_p10": 21.0,
      "rel_L_pix_p90": 70.0,
      "centroid_inside_region": true,
      "centroid_dist_to_edge_um": 14.435228027343749,
      "stack": "AH02"
    },
    {
      "area_um2": 876.834968,
      "area_px": 78038,
      "aspect": 1.9849122869607323,
      "solidity": 1.0003781639180345,
      "L_med": 153.0,
      "a_med": 128.0,
      "b_med": 105.0,
      "L_iqr": 41.0,
      "a_iqr": 9.0,
      "b_iqr": 9.0,
      "rel_L_med": 34.0,
      "rel_a_med": 1.0,
      "rel_b_med": -2.0,
      "rel_L_pix_mean": 29.298521041870117,
      "rel_L_pix_std": 29.90700340270996,
      "rel_L_pix_p10": -13.0,
      "rel_L_pix_p90": 64.0,
      "centroid_inside_region": true,
      "centroid_dist_to_edge_um": 11.554,
      "stack": "AH03"
    },
    {
      "area_um2": 1033.723236,
      "area_px": 92001,
      "aspect": 3.436657675027322,
      "solidity": 1.0002554972683537,
      "L_med": 158.0,
      "a_med": 125.0,
      "b_med": 116.0,
      "L_iqr": 34.0,
      "a_iqr": 6.0,
      "b_iqr": 5.0,
      "rel_L_med": 23.0,
      "rel_a_med": 2.0,
      "rel_b_med": -1.0,
      "rel_L_pix_mean": 27.958913803100586,
      "rel_L_pix_std": 36.94356155395508,
      "rel_L_pix_p10": -10.0,
      "rel_L_pix_p90": 84.0,
      "centroid_inside_region": true,
      "centroid_dist_to_edge_um": 11.680871337890625,
      "stack": "AH05"
    },
    {
      "area_um2": 2131.7950439999995,
      "area_px": 189729,
      "aspect": 3.2792528796204756,
      "solidity": 0.8736829987106282,
      "L_med": 129.0,
      "a_med": 132.0,
      "b_med": 91.0,
      "L_iqr": 51.0,
      "a_iqr": 13.0,
      "b_iqr": 12.0,
      "rel_L_med": 52.0,
      "rel_a_med": -5.0,
      "rel_b_med": 1.0,
      "rel_L_pix_mean": 55.558387756347656,
      "rel_L_pix_std": 37.40022277832031,
      "rel_L_pix_p10": 10.0,
      "rel_L_pix_p90": 108.0,
      "centroid_inside_region": true,
      "centroid_dist_to_edge_um": 15.451842041015624,
      "stack": "AH06"
    },
    {
      "area_um2": 627.2497,
      "area_px": 55825,
      "aspect": 1.5131578146138092,
      "solidity": 1.0008157118654704,
      "L_med": 155.0,
      "a_med": 140.0,
      "b_med": 71.0,
      "L_iqr": 18.0,
      "a_iqr": 12.0,
      "b_iqr": 8.0,
      "rel_L_med": 25.0,
      "rel_a_med": -2.0,
      "rel_b_med": 1.0,
      "rel_L_pix_mean": 22.836668014526367,
      "rel_L_pix_std": 14.998976707458496,
      "rel_L_pix_p10": 3.0,
      "rel_L_pix_p90": 40.0,
      "centroid_inside_region": true,
      "centroid_dist_to_edge_um": 11.998871337890625,
      "stack": "AH07"
    },
    {
      "area_um2": 777.598616,
      "area_px": 69206,
      "aspect": 2.4072877890669013,
      "solidity": 0.9660313095429197,
      "L_med": 173.0,
      "a_med": 123.0,
      "b_med": 93.0,
      "L_iqr": 16.0,
      "a_iqr": 9.0,
      "b_iqr": 8.0,
      "rel_L_med": 42.0,
      "rel_a_med": -1.0,
      "rel_b_med": -2.0,
      "rel_L_pix_mean": 39.849029541015625,
      "rel_L_pix_std": 14.302952766418457,
      "rel_L_pix_p10": 21.0,
      "rel_L_pix_p90": 56.0,
      "centroid_inside_region": true,
      "centroid_dist_to_edge_um": 12.613999999999999,
      "stack": "ml04"
    },
    {
      "area_um2": 1236.1060679999998,
      "area_px": 110013,
      "aspect": 1.9774436090225564,
      "solidity": 0.9516613178086695,
      "L_med": 205.0,
      "a_med": 114.0,
      "b_med": 100.0,
      "L_iqr": 21.0,
      "a_iqr": 8.0,
      "b_iqr": 8.0,
      "rel_L_med": 80.0,
      "rel_a_med": -3.0,
      "rel_b_med": -5.0,
      "rel_L_pix_mean": 79.39910888671875,
      "rel_L_pix_std": 24.00044059753418,
      "rel_L_pix_p10": 48.0,
      "rel_L_pix_p90": 115.0,
      "centroid_inside_region": true,
      "centroid_dist_to_edge_um": 14.203999999999999,
      "stack": "ml08"
    },
    {
      "area_um2": 2295.537272,
      "area_px": 204302,
      "aspect": 1.531496370553375,
      "solidity": 0.9246317123396167,
      "L_med": 186.0,
      "a_med": 122.0,
      "b_med": 116.0,
      "L_iqr": 73.0,
      "a_iqr": 5.0,
      "b_iqr": 8.0,
      "rel_L_med": 59.0,
      "rel_a_med": 1.0,
      "rel_b_med": -3.0,
      "rel_L_pix_mean": 45.98774719238281,
      "rel_L_pix_std": 59.708099365234375,
      "rel_L_pix_p10": -17.0,
      "rel_L_pix_p90": 114.0,
      "centroid_inside_region": true,
      "centroid_dist_to_edge_um": 20.683806396484375,
      "stack": "ml09"
    },
    {
      "area_um2": 983.7230359999999,
      "area_px": 87551,
      "aspect": 2.0308093130764497,
      "solidity": 0.9608898693402258,
      "L_med": 141.0,
      "a_med": 122.0,
      "b_med": 108.0,
      "L_iqr": 21.0,
      "a_iqr": 6.0,
      "b_iqr": 7.0,
      "rel_L_med": 16.0,
      "rel_a_med": 2.0,
      "rel_b_med": -4.0,
      "rel_L_pix_mean": 16.824331283569336,
      "rel_L_pix_std": 15.869827270507812,
      "rel_L_pix_p10": -2.0,
      "rel_L_pix_p90": 36.0,
      "centroid_inside_region": true,
      "centroid_dist_to_edge_um": 30.846,
      "stack": "ml11"
    },
    {
      "area_um2": 658.0363399999999,
      "area_px": 58565,
      "aspect": 3.8967416999617357,
      "solidity": 0.7514017012868709,
      "L_med": 163.0,
      "a_med": 126.0,
      "b_med": 85.0,
      "L_iqr": 27.0,
      "a_iqr": 9.0,
      "b_iqr": 8.0,
      "rel_L_med": 33.0,
      "rel_a_med": -2.0,
      "rel_b_med": -4.0,