{
  "n_samples": 10,
  "area_um2_median": 804.9245679999999,
  "area_um2_std": 237.91944691949064,
  "area_um2_min": 485.765988,
  "area_um2_max": 1192.92612,
  "aspect_median": 5.540198313771414,
  "aspect_std": 2.1627476175894538,
  "aspect_min": 4.552956252191676,
  "aspect_max": 11.50013471192125,
  "solidity_median": 0.9681861156037325,
  "solidity_std": 0.14248824113435934,
  "solidity_min": 0.5750604837078334,
  "solidity_max": 1.0009618970966412,
  "L_med_median": 152.5,
  "L_med_std": 24.30411587793785,
  "L_med_min": 107.0,
  "L_med_max": 184.0,
  "a_med_median": 115.5,
  "a_med_std": 10.421613159354234,
  "a_med_min": 103.0,
  "a_med_max": 133.0,
  "b_med_median": 88.0,
  "b_med_std": 17.4928566845359,
  "b_med_min": 80.0,
  "b_med_max": 143.0,
  "L_iqr_median": 4.0,
  "L_iqr_std": 24.651370130334325,
  "L_iqr_min": 2.0,
  "L_iqr_max": 86.0,
  "a_iqr_median": 2.0,
  "a_iqr_std": 6.693281212272605,
  "a_iqr_min": 1.0,
  "a_iqr_max": 24.0,
  "b_iqr_median": 2.0,
  "b_iqr_std": 7.6131475242697135,
  "b_iqr_min": 1.0,
  "b_iqr_max": 27.0,
  "centroid_dist_to_edge_um_median": 22.850262268066405,
  "centroid_dist_to_edge_um_std": 25.582470014367644,
  "centroid_dist_to_edge_um_min": -2.4379999999999997,
  "centroid_dist_to_edge_um_max": 98.56171655273437,
  "per_stack": [
    {
      "area_um2": 572.92364,
      "area_px": 50990,
      "aspect": 5.45314788318809,
      "solidity": 1.0009618970966412,
      "L_med": 168.0,
      "a_med": 113.0,
      "b_med": 87.0,
      "L_iqr": 3.0,
      "a_iqr": 1.0,
      "b_iqr": 1.0,
      "centroid_inside_region": true,
      "centroid_dist_to_edge_um": 22.2534267578125,
      "stack": "AH02"
    },
    {
      "area_um2": 970.7791639999999,
      "area_px": 86399,
      "aspect": 9.421240583013363,
      "solidity": 0.9458639866876861,
      "L_med": 184.0,
      "a_med": 108.0,
      "b_med": 89.0,
      "L_iqr": 3.0,
      "a_iqr": 1.0,
      "b_iqr": 2.0,
      "centroid_inside_region": true,
      "centroid_dist_to_edge_um": 98.56171655273437,
      "stack": "AH03"
    },
    {
      "area_um2": 798.54252,
      "area_px": 71070,
      "aspect": 5.292869098484112,
      "solidity": 0.5750604837078334,
      "L_med": 107.0,
      "a_med": 133.0,
      "b_med": 143.0,
      "L_iqr": 86.0,
      "a_iqr": 24.0,
      "b_iqr": 27.0,
      "centroid_inside_region": false,
      "centroid_dist_to_edge_um": -2.4379999999999997,
      "stack": "AH05"
    },
    {
      "area_um2": 932.9700239999999,
      "area_px": 83034,
      "aspect": 5.231396374086864,
      "solidity": 0.9788109369750624,
      "L_med": 184.0,
      "a_med": 104.0,
      "b_med": 95.0,
      "L_iqr": 5.0,
      "a_iqr": 2.0,
      "b_iqr": 1.0,
      "centroid_inside_region": true,
      "centroid_dist_to_edge_um": 31.163999999999998,
      "stack": "AH06"
    },
    {
      "area_um2": 811.306616,
      "area_px": 72206,
      "aspect": 11.50013471192125,
      "solidity": 0.9659148674318431,
      "L_med": 136.0,
      "a_med": 124.0,
      "b_med": 83.0,
      "L_iqr": 5.0,
      "a_iqr": 2.0,
      "b_iqr": 2.0,
      "centroid_inside_region": true,
      "centroid_dist_to_edge_um": 18.885093017578125,
      "stack": "AH07"
    },
    {
      "area_um2": 672.676848,
      "area_px": 59868,
      "aspect": 5.627248744354738,
      "solidity": 0.9704573637756219,
      "L_med": 133.0,
      "a_med": 128.0,
      "b_med": 80.0,
      "L_iqr": 4.0,
      "a_iqr": 2.0,
      "b_iqr": 2.0,
      "centroid_inside_region": true,
      "centroid_dist_to_edge_um": 11.828614013671874,
      "stack": "ml04"
    },
    {
      "area_um2": 1139.588828,
      "area_px": 101423,
      "aspect": 5.028635271577642,
      "solidity": 0.9821766645523345,
      "L_med": 178.0,
      "a_med": 103.0,
      "b_med": 97.0,
      "L_iqr": 2.0,
      "a_iqr": 1.0,
      "b_iqr": 1.0,
      "centroid_inside_region": true,
      "centroid_dist_to_edge_um": 34.131657104492184,
      "stack": "ml08"
    },
    {
      "area_um2": 1192.92612,
      "area_px": 106170,
      "aspect": 5.987889205326414,
      "solidity": 0.9712299318483282,
      "L_med": 157.0,
      "a_med": 106.0,
      "b_med": 99.0,
      "L_iqr": 4.0,
      "a_iqr": 2.0,
      "b_iqr": 2.0,
      "centroid_inside_region": true,
      "centroid_dist_to_edge_um": 23.89174267578125,
      "stack": "ml09"
    },
    {
      "area_um2": 485.765988,
      "area_px": 43233,
      "aspect": 4.552956252191676,
      "solidity": 0.7686139951642725,
      "L_med": 136.0,
      "a_med": 126.0,
      "b_med": 81.0,
      "L_iqr": 5.0,
      "a_iqr": 2.0,
      "b_iqr": 2.0,
      "centroid_inside_region": true,
      "centroid_dist_to_edge_um": 14.670894287109375,
      "stack": "ml11"
    },
    {
      "area_um2": 510.81103199999995,
      "area_px": 45462,
      "aspect": 7.988263639674136,
      "solidity": 0.6933300798377319,
      "L_med": 148.0,
      "a_med": 118.0,
      "b_med": 86.0,
      "L_iqr": 4.0,
      "a_iqr": 3.0,
      "b_iqr": 2.0,
      "centroid_inside_region": true,
      "centroid_dist_to_edge_um": 23.447097778320312,
      "stack": "ml14"
    }
  ]
}